Epoch,Validation Loss,Validation Accuracy
1,2.8915534019470215,0.11940456181764603
2,2.967672824859619,0.09913429617881775
3,2.939589262008667,0.14178632199764252
4,2.8544511795043945,0.13006757199764252
5,2.8887473344802856,0.1670185923576355
