Epoch,Validation Loss,Validation Accuracy
1,3.080932140350342,0.08171452581882477
2,3.002136468887329,0.10198479890823364
3,3.0193334817886353,0.1240498349070549
4,2.9898685216903687,0.11549831181764603
5,3.00182843208313,0.07960304617881775
